物品-QQ;283131115,奖励数量,币种,限制数量
屠龙,1000,元宝,99
雷霆战甲（男）,1000,元宝,99
雷霆战甲（女）,1000,元宝,99
雷霆战盔,1000,元宝,99
雷霆项链,1000,元宝,99
雷霆护腕,1000,元宝,99
雷霆战戒,1000,元宝,99
雷霆腰带,1000,元宝,99
雷霆战靴,1000,元宝,99
逍遥扇,1000,元宝,99
光芒道袍（男）,1000,元宝,99
光芒道袍（女）,1000,元宝,99
光芒道盔,1000,元宝,99
光芒项链,1000,元宝,99
光芒护腕,1000,元宝,99
光芒道戒,1000,元宝,99
光芒腰带,1000,元宝,99
光芒道靴,1000,元宝,99
嗜魂法杖,1000,元宝,99
烈焰魔衣（男）,1000,元宝,99
烈焰魔衣（女）,1000,元宝,99
烈焰魔盔,1000,元宝,99
烈焰项链,1000,元宝,99
烈焰护腕,1000,元宝,99
烈焰魔戒,1000,元宝,99
烈焰腰带,1000,元宝,99
烈焰魔靴,1000,元宝,99
雷霆勋章,1000,元宝,99
黄金屠龙,2000,元宝,99
强化雷霆战甲（男）,2000,元宝,99
强化雷霆战甲（女）,2000,元宝,99
强化雷霆战盔,2000,元宝,99
强化雷霆项链,2000,元宝,99
强化雷霆护腕,2000,元宝,99
强化雷霆战戒,2000,元宝,99
强化雷霆腰带,2000,元宝,99
强化雷霆战靴,2000,元宝,99
黄金逍遥扇,2000,元宝,99
强化光芒道袍（男）,2000,元宝,99
强化光芒道袍（女）,2000,元宝,99
强化光芒道盔,2000,元宝,99
强化光芒项链,2000,元宝,99
强化光芒护腕,2000,元宝,99
强化光芒道戒,2000,元宝,99
强化光芒腰带,2000,元宝,99
强化光芒道靴,2000,元宝,99
黄金嗜魂法杖,2000,元宝,99
强化烈焰魔衣（男）,2000,元宝,99
强化烈焰魔衣（女）,2000,元宝,99
强化烈焰魔盔,2000,元宝,99
强化烈焰项链,2000,元宝,99
强化烈焰护腕,2000,元宝,99
强化烈焰魔戒,2000,元宝,99
强化烈焰腰带,2000,元宝,99
强化烈焰魔靴,2000,元宝,99
黄金勋章,2000,元宝,99
开天,5000,元宝,99
凤天战甲,5000,元宝,99
凰天战衣,5000,元宝,99
战神头盔,5000,元宝,99
战神项链,5000,元宝,99
战神手镯,5000,元宝,99
战神戒指,5000,元宝,99
战神腰带,5000,元宝,99
战神战靴,5000,元宝,99
玄天,5000,元宝,99
凤天道甲,5000,元宝,99
凰天道衣,5000,元宝,99
真魂头盔,5000,元宝,99
真魂项链,5000,元宝,99
真魂手镯,5000,元宝,99
真魂戒指,5000,元宝,99
真魂腰带,5000,元宝,99
真魂道靴,5000,元宝,99
镇天,5000,元宝,99
凤天魔甲,5000,元宝,99
凰天魔衣,5000,元宝,99
圣魔头盔,5000,元宝,99
圣魔项链,5000,元宝,99
圣魔手镯,5000,元宝,99
圣魔戒指,5000,元宝,99
圣魔腰带,5000,元宝,99
圣魔法靴,5000,元宝,99
天之勋章,5000,元宝,99
纵横战剑,10000,元宝,99
纵横战甲,10000,元宝,99
纵横战衣,10000,元宝,99
纵横战盔,10000,元宝,99
纵横战链,10000,元宝,99
纵横战镯,10000,元宝,99
纵横战戒,10000,元宝,99
纵横战带,10000,元宝,99
纵横战靴,10000,元宝,99
纵横道扇,10000,元宝,99
纵横道甲,10000,元宝,99
纵横道衣,10000,元宝,99
纵横道盔,10000,元宝,99
纵横道链,10000,元宝,99
纵横道镯,10000,元宝,99
纵横道戒,10000,元宝,99
纵横道带,10000,元宝,99
纵横道靴,10000,元宝,99
纵横魔刃,10000,元宝,99
纵横魔甲,10000,元宝,99
纵横魔袍,10000,元宝,99
纵横魔盔,10000,元宝,99
纵横魔链,10000,元宝,99
纵横魔镯,10000,元宝,99
纵横魔戒,10000,元宝,99
纵横魔带,10000,元宝,99
纵横魔靴,10000,元宝,99
纵横勋章,10000,元宝,99
王者战剑,10000,元宝,99
王者战甲,10000,元宝,99
王者战袍,10000,元宝,99
王者战盔,10000,元宝,99
王者战链,10000,元宝,99
王者战镯,10000,元宝,99
王者战戒,10000,元宝,99
王者战带,10000,元宝,99
王者战靴,10000,元宝,99
王者道剑,10000,元宝,99
王者道甲,10000,元宝,99
王者道袍,10000,元宝,99
王者道盔,10000,元宝,99
王者道链,10000,元宝,99
王者道镯,10000,元宝,99
王者道戒,10000,元宝,99
王者道带,10000,元宝,99
王者道靴,10000,元宝,99
王者魔剑,10000,元宝,99
王者魔甲,10000,元宝,99
王者魔袍,10000,元宝,99
王者魔盔,10000,元宝,99
王者魔链,10000,元宝,99
王者魔镯,10000,元宝,99
王者魔戒,10000,元宝,99
王者魔带,10000,元宝,99
王者魔靴,10000,元宝,99
王者勋章,10000,元宝,99
赤焰战刃,10000,元宝,99
赤焰战甲,10000,元宝,99
赤焰战袍,10000,元宝,99
赤焰战盔,10000,元宝,99
赤焰战链,10000,元宝,99
赤焰战镯,10000,元宝,99
赤焰战戒,10000,元宝,99
赤焰战带,10000,元宝,99
赤焰战靴,10000,元宝,99
赤焰道刃,10000,元宝,99
赤焰道甲,10000,元宝,99
赤焰道袍,10000,元宝,99
赤焰道盔,10000,元宝,99
赤焰道链,10000,元宝,99
赤焰道镯,10000,元宝,99
赤焰道戒,10000,元宝,99
赤焰道带,10000,元宝,99
赤焰道靴,10000,元宝,99
赤焰魔刃,10000,元宝,99
赤焰魔甲,10000,元宝,99
赤焰魔袍,10000,元宝,99
赤焰魔盔,10000,元宝,99
赤焰魔链,10000,元宝,99
赤焰魔镯,10000,元宝,99
赤焰魔戒,10000,元宝,99
赤焰魔带,10000,元宝,99
赤焰魔靴,10000,元宝,99
赤焰勋章,10000,元宝,99
传说战刃,50,火龙币,10
传说战甲,50,火龙币,10
传说战衣,50,火龙币,10
传说战盔,50,火龙币,10
传说战链,50,火龙币,10
传说战镯,50,火龙币,10
传说战戒,50,火龙币,10
传说战带,50,火龙币,10
传说战靴,50,火龙币,10
传说道刃,50,火龙币,10
传说道甲,50,火龙币,10
传说道衣,50,火龙币,10
传说道盔,50,火龙币,10
传说道链,50,火龙币,10
传说道镯,50,火龙币,10
传说道戒,50,火龙币,10
传说道带,50,火龙币,10
传说道靴,50,火龙币,10
传说魔刃,50,火龙币,10
传说魔甲,50,火龙币,10
传说魔袍,50,火龙币,10
传说魔盔,50,火龙币,10
传说魔链,50,火龙币,10
传说魔镯,50,火龙币,10
传说魔戒,50,火龙币,10
传说魔带,50,火龙币,10
传说魔靴,50,火龙币,10
传说勋章,50,火龙币,10
雄霸战剑,200,火龙币,10
雄霸战甲,200,火龙币,10
雄霸战袍,200,火龙币,10
雄霸战盔,200,火龙币,10
雄霸战链,200,火龙币,10
雄霸战镯,200,火龙币,10
雄霸战戒,200,火龙币,10
雄霸战带,200,火龙币,10
雄霸战靴,200,火龙币,10
雄霸道扇,200,火龙币,10
雄霸道甲,200,火龙币,10
雄霸道袍,200,火龙币,10
雄霸道盔,200,火龙币,10
雄霸道链,200,火龙币,10
雄霸道镯,200,火龙币,10
雄霸道戒,200,火龙币,10
雄霸道带,200,火龙币,10
雄霸道靴,200,火龙币,10
雄霸法杖,200,火龙币,10
雄霸魔甲,200,火龙币,10
雄霸魔袍,200,火龙币,10
雄霸魔盔,200,火龙币,10
雄霸魔链,200,火龙币,10
雄霸魔镯,200,火龙币,10
雄霸魔戒,200,火龙币,10
雄霸魔带,200,火龙币,10
雄霸魔靴,200,火龙币,10
雄霸勋章,200,火龙币,10
苍穹战剑,500,火龙币,3
苍穹战甲,500,火龙币,3
苍穹战衣,500,火龙币,3
苍穹战盔,500,火龙币,3
苍穹战链,500,火龙币,3
苍穹战镯,500,火龙币,3
苍穹战戒,500,火龙币,3
苍穹战带,500,火龙币,3
苍穹战靴,500,火龙币,3
苍穹道剑,500,火龙币,3
苍穹道甲,500,火龙币,3
苍穹道衣,500,火龙币,3
苍穹道盔,500,火龙币,3
苍穹道链,500,火龙币,3
苍穹道镯,500,火龙币,3
苍穹道戒,500,火龙币,3
苍穹道带,500,火龙币,3
苍穹道靴,500,火龙币,3
苍穹魔刃,500,火龙币,3
苍穹魔甲,500,火龙币,3
苍穹魔袍,500,火龙币,3
苍穹魔盔,500,火龙币,3
苍穹魔链,500,火龙币,3
苍穹魔镯,500,火龙币,3
苍穹魔戒,500,火龙币,3
苍穹魔带,500,火龙币,3
苍穹魔靴,500,火龙币,3
苍穹勋章,500,火龙币,3
乾坤战斧,1000,火龙币,3
乾坤战甲,1000,火龙币,3
乾坤战衣,1000,火龙币,3
乾坤战盔,1000,火龙币,3
乾坤战链,1000,火龙币,3
乾坤战镯,1000,火龙币,3
乾坤战戒,1000,火龙币,3
乾坤战带,1000,火龙币,3
乾坤战靴,1000,火龙币,3
乾坤道刃,1000,火龙币,3
乾坤道甲,1000,火龙币,3
乾坤道衣,1000,火龙币,3
乾坤道盔,1000,火龙币,3
乾坤道链,1000,火龙币,3
乾坤道镯,1000,火龙币,3
乾坤道戒,1000,火龙币,3
乾坤道带,1000,火龙币,3
乾坤道靴,1000,火龙币,3
乾坤魔杖,1000,火龙币,3
乾坤魔甲,1000,火龙币,3
乾坤魔袍,1000,火龙币,3
乾坤魔盔,1000,火龙币,3
乾坤魔链,1000,火龙币,3
乾坤魔镯,1000,火龙币,3
乾坤魔戒,1000,火龙币,3
乾坤魔带,1000,火龙币,3
乾坤魔靴,1000,火龙币,3
乾坤勋章,1000,火龙币,3
审判の剑,2000,火龙币,1
审判の甲,2000,火龙币,1
审判の盔,2000,火龙币,1
审判の链,2000,火龙币,1
审判の指,2000,火龙币,1
审判の镯,2000,火龙币,1
审判の勋,2000,火龙币,1
审判の靴,2000,火龙币,1
审判の带,2000,火龙币,1
逐月の剑,2000,火龙币,1
逐月の甲,2000,火龙币,1
逐月の盔,2000,火龙币,1
逐月の链,2000,火龙币,1
逐月の指,2000,火龙币,1
逐月の镯,2000,火龙币,1
逐月の勋,2000,火龙币,1
逐月の靴,2000,火龙币,1
逐月の带,2000,火龙币,1
大地の剑,2000,火龙币,1
大地の甲,2000,火龙币,1
大地の盔,2000,火龙币,1
大地の链,2000,火龙币,1
大地の指,2000,火龙币,1
大地の镯,2000,火龙币,1
大地勋章,2000,火龙币,1
大地の靴,2000,火龙币,1
大地の带,2000,火龙币,1
主宰の剑,2000,火龙币,1
主宰の甲,2000,火龙币,1
主宰の盔,2000,火龙币,1
主宰の链,2000,火龙币,1
主宰の戒,2000,火龙币,1
主宰の镯,2000,火龙币,1
主宰勋章,2000,火龙币,1
主宰の靴,2000,火龙币,1
主宰の带,2000,火龙币,1
太虚の剑,2000,火龙币,1
太虚の甲,2000,火龙币,1
太虚の盔,2000,火龙币,1
太虚の链,2000,火龙币,1
太虚の指,2000,火龙币,1
太虚の镯,2000,火龙币,1
太虚の勋,2000,火龙币,1
太虚の靴,2000,火龙币,1
太虚の带,2000,火龙币,1
龙吟の剑,2000,火龙币,1
龙吟の甲,2000,火龙币,1
龙吟の盔,2000,火龙币,1
龙吟の链,2000,火龙币,1
龙吟の指,2000,火龙币,1
龙吟の镯,2000,火龙币,1
龙吟の勋,2000,火龙币,1
龙吟の靴,2000,火龙币,1
龙吟の带,2000,火龙币,1
